Section ID,Section,HS4 ID,HS4,Year,Exports from China to India,PCI
1,Animal Products,0106,Other Animals,2024,174951.0,
1,Animal Products,0210,Preserved Meat,2024,895.0,0.10
1,Animal Products,0301,Live Fish,2024,10712.0,-0.85
1,Animal Products,0303,Non-fillet Frozen Fish,2024,5467955.0,-0.97
1,Animal Products,0306,Crustaceans,2024,204305.0,-1.99
1,Animal Products,0308,"Aquatic invertebrates, other than crustaceans and molluscs",2024,9941.0,
1,Animal Products,0408,Processed Egg Products,2024,125870.0,-0.02
1,Animal Products,0410,Other Edible Animal Products,2024,10881.0,-0.94
1,Animal Products,0502,Pig Hair,2024,778562.0,
1,Animal Products,0505,Bird Feathers and Skins,2024,345212.0,0.02
1,Animal Products,0508,Coral and Shells,2024,72368.0,
1,Animal Products,0510,Pharmaceutical Animal Products,2024,2112699.0,-1.45
1,Animal Products,0511,Other Inedible Animal Products,2024,1549803.0,-0.56
2,Vegetable Products,0602,"Other live plants, cuttings and slips; mushroom spawn",2024,11266218.0,-0.85
2,Vegetable Products,0603,Cut Flowers,2024,425313.0,-1.65
2,Vegetable Products,0604,Plant foliage,2024,377339.0,-0.99
2,Vegetable Products,0706,Root Vegetables,2024,1611.0,-0.90
2,Vegetable Products,0710,Frozen Vegetables,2024,430905.0,-0.48
2,Vegetable Products,0711,Preserved Vegetables,2024,380550.0,
2,Vegetable Products,0712,Dried Vegetables,2024,2695350.0,-0.94
2,Vegetable Products,0713,Dried Legumes,2024,30012462.0,-2.17
2,Vegetable Products,0714,Cassava,2024,8699.0,-2.11
2,Vegetable Products,0802,Other Nuts,2024,353101.0,-1.16
2,Vegetable Products,0805,Citrus,2024,10239021.0,-1.13
2,Vegetable Products,0806,Grapes,2024,22510550.0,-1.32
2,Vegetable Products,0808,Apples and Pears,2024,278.0,-0.61
2,Vegetable Products,0809,Pitted Fruits,2024,4049505.0,-1.20
2,Vegetable Products,0810,Other Fruits,2024,103338.0,-1.08
2,Vegetable Products,0811,Frozen Fruits and Nuts,2024,235729.0,-0.68
2,Vegetable Products,0813,Dried Fruits,2024,452976.0,-1.48
2,Vegetable Products,0901,Coffee,2024,2711.0,-1.21
2,Vegetable Products,0902,Tea,2024,1910142.0,-1.72
2,Vegetable Products,0904,Pepper,2024,7033773.0,-1.88
2,Vegetable Products,0906,Cinnamon,2024,1357101.0,
2,Vegetable Products,0908,"Nutmeg, mace and cardamons",2024,38832.0,-1.96
2,Vegetable Products,0909,Spice Seeds,2024,1927471.0,-2.06
2,Vegetable Products,0910,Spices,2024,9022686.0,-1.69
2,Vegetable Products,1006,Rice,2024,65.0,-1.87
2,Vegetable Products,1008,Buckwheat,2024,57497.0,
2,Vegetable Products,1104,Processed Cereals,2024,47654.0,-0.58
2,Vegetable Products,1106,Legume Flours,2024,6460.0,-1.28
2,Vegetable Products,1108,Starches,2024,15074.0,-0.42
2,Vegetable Products,1109,Wheat Gluten,2024,16662887.0,0.25
2,Vegetable Products,1202,Ground Nuts,2024,29663.0,-2.67
2,Vegetable Products,1206,Sunflower Seeds,2024,6202362.0,-0.58
2,Vegetable Products,1207,Other Oily Seeds,2024,331727.0,-2.51
2,Vegetable Products,1209,Sowing Seeds,2024,11398018.0,-0.50
2,Vegetable Products,1211,Perfume Plants,2024,4790706.0,-1.95
2,Vegetable Products,1212,"Locust beans, seaweed, sugar beet, cane, for food",2024,3118033.0,-1.74
2,Vegetable Products,1301,Insect Resins,2024,8707619.0,-2.82
2,Vegetable Products,1302,Vegetable Saps,2024,44946730.0,-0.25
2,Vegetable Products,1401,Vegetable Plaiting Materials,2024,113534.0,
2,Vegetable Products,1404,Other Vegetable Products,2024,156773.0,-1.66
3,Animal and Vegetable Bi-Products,1504,Fish Oil,2024,13558104.0,-1.91
3,Animal and Vegetable Bi-Products,1505,Wool Grease,2024,1773335.0,
3,Animal and Vegetable Bi-Products,1506,Other Animal Fats,2024,9542.0,0.40
3,Animal and Vegetable Bi-Products,1507,Soybean Oil,2024,1473.0,-1.39
3,Animal and Vegetable Bi-Products,1508,Ground Nut Oil,2024,6419.0,-2.97
3,Animal and Vegetable Bi-Products,1512,Seed Oils,2024,76.0,-0.86
3,Animal and Vegetable Bi-Products,1515,Other Pure Vegetable Oils,2024,1244361.0,-0.77
3,Animal and Vegetable Bi-Products,1516,Other Vegetable Oils,2024,89649.0,-1.36
3,Animal and Vegetable Bi-Products,1517,Margarine,2024,12900.0,-0.84
3,Animal and Vegetable Bi-Products,1518,Inedible Fats and Oils,2024,185660.0,-0.06
3,Animal and Vegetable Bi-Products,1520,Glycerol,2024,419.0,0.02
3,Animal and Vegetable Bi-Products,1521,Vegetable waxes and beeswax,2024,231663.0,
3,Animal and Vegetable Bi-Products,1522,Fat and Oil Residues,2024,14034.0,-0.42
4,Foodstuffs,1601,Sausages,2024,310.0,0.10
4,Foodstuffs,1602,Other Prepared Meat,2024,766.0,0.19
4,Foodstuffs,1603,Animal Extracts,2024,21844.0,
4,Foodstuffs,1604,Processed Fish,2024,7102.0,-0.69
4,Foodstuffs,1605,Processed Crustaceans,2024,801343.0,-1.25
4,Foodstuffs,1701,Raw Sugar,2024,65.0,-1.93
4,Foodstuffs,1702,Other Sugars,2024,2850215.0,0.15
4,Foodstuffs,1704,Confectionery Sugar,2024,26531020.0,-0.80
4,Foodstuffs,1805,Cocoa Powder,2024,1374095.0,-0.91
4,Foodstuffs,1806,Chocolate,2024,352027.0,0.05
4,Foodstuffs,1901,Malt Extract,2024,123206.0,-0.19
4,Foodstuffs,1902,Pasta,2024,606802.0,-0.79
4,Foodstuffs,1903,Tapioca,2024,28769.0,
4,Foodstuffs,1904,Prepared Cereals,2024,130014.0,-0.57
4,Foodstuffs,1905,Baked Goods,2024,522209.0,-0.41
4,Foodstuffs,2001,Pickled Foods,2024,59739.0,-0.86
4,Foodstuffs,2002,Processed Tomatoes,2024,1183072.0,-0.76
4,Foodstuffs,2003,Processed Mushrooms,2024,1030932.0,0.67
4,Foodstuffs,2004,Other Frozen Vegetables,2024,188786.0,0.05
4,Foodstuffs,2005,Other Processed Vegetables,2024,742817.0,-0.72
4,Foodstuffs,2006,Sugar Preserved Foods,2024,14654447.0,-1.02
4,Foodstuffs,2007,Jams,2024,57415.0,-0.57
4,Foodstuffs,2008,Other Processed Fruits and Nuts,2024,10111233.0,-0.79
4,Foodstuffs,2009,Fruit Juice,2024,1992337.0,-0.91
4,Foodstuffs,2101,Coffee and Tea Extracts,2024,7119856.0,-0.71
4,Foodstuffs,2102,Yeast,2024,24465372.0,-0.26
4,Foodstuffs,2103,Sauces and Seasonings,2024,6232465.0,-0.53
4,Foodstuffs,2104,Soups and Broths,2024,2583.0,-0.36
4,Foodstuffs,2106,Other Edible Preparations,2024,13675064.0,-0.00
4,Foodstuffs,2201,Water,2024,3439.0,-0.67
4,Foodstuffs,2202,Flavored Water,2024,4434558.0,-0.54
4,Foodstuffs,2203,Beer,2024,71554.0,-0.84
4,Foodstuffs,2204,Wine,2024,7355.0,-0.36
4,Foodstuffs,2207,Alcohol > 80% ABV,2024,313970.0,-0.88
4,Foodstuffs,2208,Hard Liquor,2024,613044.0,-0.54
4,Foodstuffs,2209,Vinegar,2024,296070.0,0.03
4,Foodstuffs,2301,Animal Meal and Pellets,2024,27083.0,-1.12
4,Foodstuffs,2302,Bran,2024,2423.0,-1.72
4,Foodstuffs,2303,Starch Residue,2024,792547.0,0.03
4,Foodstuffs,2304,Soybean Meal,2024,647122.0,-1.59
4,Foodstuffs,2306,Other Vegetable Residues,2024,547170.0,-0.85
4,Foodstuffs,2308,Other Vegetable Residues and Waste,2024,98212.0,-0.85
4,Foodstuffs,2309,Animal Food,2024,83502435.0,-0.40
4,Foodstuffs,2401,Raw Tobacco,2024,285503.0,-1.84
4,Foodstuffs,2402,Rolled Tobacco,2024,5199.0,-0.91
4,Foodstuffs,2403,Processed Tobacco,2024,1326.0,-0.74
5,Mineral Products,2501,Salt,2024,1476398.0,-1.23
5,Mineral Products,2502,Iron Pyrites,2024,238876.0,
5,Mineral Products,2503,Sulphur,2024,10630.0,-1.74
5,Mineral Products,2504,Graphite,2024,4693486.0,-1.15
5,Mineral Products,2505,Sand,2024,365818.0,-1.09
5,Mineral Products,2506,Quartz,2024,1483132.0,-1.68
5,Mineral Products,2507,Kaolin,2024,22100677.0,-0.14
5,Mineral Products,2508,Clays,2024,11956811.0,-0.40
5,Mineral Products,2510,Calcium Phosphates,2024,138317.0,-1.87
5,Mineral Products,2511,Barium Sulphate,2024,4307890.0,-1.36
5,Mineral Products,2512,Siliceous Fossil Meals,2024,700274.0,
5,Mineral Products,2513,Pumice,2024,50139.0,
5,Mineral Products,2515,"Marble, Travertine and Alabaster",2024,10957231.0,-1.41
5,Mineral Products,2516,Granite,2024,931150.0,-1.78
5,Mineral Products,2517,Gravel and Crushed Stone,2024,11055.0,-0.46
5,Mineral Products,2518,Dolomite,2024,5036533.0,
5,Mineral Products,2519,Magnesium Carbonate,2024,125433027.0,-0.44
5,Mineral Products,2520,Gypsum,2024,356582.0,-1.53
5,Mineral Products,2521,Limestone,2024,3498.0,-1.31
5,Mineral Products,2522,Quicklime,2024,2958402.0,-0.84
5,Mineral Products,2523,Cement,2024,1403629.0,-1.49
5,Mineral Products,2524,Asbestos,2024,554305.0,
5,Mineral Products,2525,Mica,2024,1428450.0,
5,Mineral Products,2526,Soapstone,2024,974508.0,0.06
5,Mineral Products,2528,Borax,2024,657.0,
5,Mineral Products,2529,Feldspar,2024,17300120.0,-1.34
5,Mineral Products,2530,Other Mineral,2024,19989123.0,-2.94
5,Mineral Products,2601,Iron Ore,2024,384.0,-1.94
5,Mineral Products,2602,Manganese Ore,2024,71684.0,-2.90
5,Mineral Products,2606,Aluminium Ore,2024,47859173.0,-2.49
5,Mineral Products,2607,Lead Ore,2024,294.0,-1.55
5,Mineral Products,2610,Chromium Ore,2024,2378810.0,-2.74
5,Mineral Products,2613,Molybdenum Ore,2024,77160811.0,-0.73
5,Mineral Products,2614,Titanium Ore,2024,8772759.0,-2.55
5,Mineral Products,2615,"Niobium, Tantalum, Vanadium and Zirconium Ore",2024,625141.0,-2.60
5,Mineral Products,2616,Precious Metal Ore,2024,102.0,-1.79
5,Mineral Products,2617,Other Ores,2024,3782.0,
5,Mineral Products,2618,Granulated Slag,2024,1003073.0,-0.19
5,Mineral Products,2620,"Slag, Ash and Residues Containing Heavy Metals, not from Ferrous Metallurgy",2024,85217.0,-0.64
5,Mineral Products,2621,Other Slag and Ash,2024,2753693.0,
5,Mineral Products,2701,"Coal, Briquettes and Similar Manufactured Solid Fuels",2024,11547044.0,-2.27
5,Mineral Products,2702,Lignite,2024,326536.0,-1.48
5,Mineral Products,2704,Coke,2024,205154419.0,-0.90
5,Mineral Products,2706,Tar from mineral fuels,2024,181179.0,-0.20
5,Mineral Products,2707,Coal Tar Oil,2024,2241622.0,0.24
5,Mineral Products,2708,Pitch Coke,2024,9828242.0,0.66
5,Mineral Products,2710,Refined Petroleum,2024,56794112.0,-1.13
5,Mineral Products,2711,Petroleum Gas,2024,1234437.0,-1.61
5,Mineral Products,2712,Petroleum Jelly,2024,36584019.0,-0.27
5,Mineral Products,2713,Petroleum Coke,2024,80383344.0,-0.93
5,Mineral Products,2714,Bitumen and asphalt,2024,105578.0,-0.96
5,Mineral Products,2715,Asphalt Mixtures,2024,859503.0,-1.08
6,Chemical Products,2801,Halogens,2024,645719.0,-0.78
6,Chemical Products,2802,Sulfur,2024,253737.0,-1.26
6,Chemical Products,2803,Carbon,2024,48483052.0,0.00
6,Chemical Products,2804,Hydrogen,2024,183219239.0,-0.01
6,Chemical Products,2805,"Alkali, alkaline-earth, rare-earth metals, scandium, yttrium, and mercury",2024,50183203.0,-0.84
6,Chemical Products,2806,Hydrochloric Acid,2024,64235.0,
6,Chemical Products,2807,Sulfuric Acid,2024,26445201.0,-0.11
6,Chemical Products,2809,Phosphoric Acid,2024,190529912.0,-0.61
6,Chemical Products,2810,Boron,2024,2104492.0,-1.10
6,Chemical Products,2811,Other Inorganic Acids,2024,37877610.0,0.36
6,Chemical Products,2812,Halides,2024,1909371.0,1.22
6,Chemical Products,2813,Nonmetal Sulfides,2024,2027583.0,
6,Chemical Products,2814,Ammonia,2024,7100243.0,-1.21
6,Chemical Products,2815,Sodium or Potassium Peroxides,2024,1519112.0,-0.19
6,Chemical Products,2816,Magnesium Hydroxide and Peroxide,2024,2703764.0,
6,Chemical Products,2817,Zinc Oxide and Peroxide,2024,251393.0,-0.25
6,Chemical Products,2818,Aluminium Oxide,2024,50671733.0,-0.25
6,Chemical Products,2819,Chromium Oxides and Hydroxides,2024,2043559.0,
6,Chemical Products,2820,Manganese Oxides,2024,13419440.0,
6,Chemical Products,2821,Iron Oxides and Hydroxides,2024,18729495.0,-0.30
6,Chemical Products,2822,Cobalt Oxides and Hydroxides,2024,1529459.0,-1.49
6,Chemical Products,2823,Titanium Oxides,2024,16189038.0,0.99
6,Chemical Products,2824,Lead Oxides,2024,26126.0,
6,Chemical Products,2825,Inorganic Salts,2024,108507202.0,-0.38
6,Chemical Products,2826,Fluorides,2024,40682394.0,0.77
6,Chemical Products,2827,Chlorides,2024,27473044.0,0.25
6,Chemical Products,2828,Hypochlorites,2024,17966002.0,
6,Chemical Products,2829,Chlorates and Perchlorates,2024,1978069.0,
6,Chemical Products,2830,Sulfides,2024,565139.0,
6,Chemical Products,2831,Dithionites and Sulfoxylates,2024,202673.0,
6,Chemical Products,2832,Sulfites,2024,4175932.0,
6,Chemical Products,2833,Sulfates,2024,11629082.0,-0.21
6,Chemical Products,2834,Nitrites and Nitrates,2024,13176712.0,-0.16
6,Chemical Products,2835,Phosphinates (hypophosphites) and phosphonates (phosphites),2024,77683609.0,0.11
6,Chemical Products,2836,Carbonates,2024,47525023.0,-0.53
6,Chemical Products,2837,Cyanides,2024,4571127.0,-0.81
6,Chemical Products,2839,Silicates,2024,1371025.0,-0.74
6,Chemical Products,2840,Borates,2024,3788466.0,-0.14
6,Chemical Products,2841,Oxometallic or Peroxometallic Acid Salts,2024,3560835.0,1.97
6,Chemical Products,2842,Other Inorganic Acids Salts,2024,49590769.0,1.06
6,Chemical Products,2843,Precious Metal Compounds,2024,5097961.0,0.77
6,Chemical Products,2844,Radioactive Chemicals,2024,222726.0,-0.57
6,Chemical Products,2845,Other Isotopes,2024,544281.0,-0.05
6,Chemical Products,2846,Rare-Earth Metal Compounds,2024,4368382.0,-0.19
6,Chemical Products,2847,Hydrogen peroxide,2024,297894.0,-0.15
6,Chemical Products,2849,Carbides,2024,60263751.0,0.30
6,Chemical Products,2850,Hydrides and other anions,2024,43597393.0,1.33
6,Chemical Products,2852,"Compounds, inorganic or organic, of mercury, excluding amalgams",2024,15011.0,
6,Chemical Products,2853,Other inorganic compounds,2024,1275577.0,0.92
6,Chemical Products,2901,Acyclic Hydrocarbons,2024,55951046.0,0.19
6,Chemical Products,2902,Cyclic Hydrocarbons,2024,160953844.0,0.83
6,Chemical Products,2903,Halogenated Hydrocarbons,2024,260817759.0,0.88
6,Chemical Products,2904,"Sulfonated, Nitrated or Nitrosated Hydrocarbons",2024,87069344.0,-0.05
6,Chemical Products,2905,"Acyclic alcohol derivatives (halogenated, sulphonated, nitrated)",2024,270565625.0,0.52
6,Chemical Products,2906,Cyclic Alcohols,2024,156130083.0,0.54
6,Chemical Products,2907,Phenols,2024,107441718.0,1.15
6,Chemical Products,2908,Phenol Derivatives,2024,18879898.0,0.75
6,Chemical Products,2909,Ethers,2024,111640408.0,0.75
6,Chemical Products,2910,Epoxides,2024,31410372.0,1.19
6,Chemical Products,2911,Acetals and Hemiacetals,2024,1400842.0,
6,Chemical Products,2912,"Aldehydes, cyclic polymers, and paraformaldehyde",2024,89705298.0,1.08
6,Chemical Products,2913,Halogenated aldehyde derivatives (heading 2912),2024,20836582.0,
6,Chemical Products,2914,Ketones and Quinones,2024,274803246.0,0.92
6,Chemical Products,2915,Saturated Acyclic Monocarboxylic Acids,2024,559358510.0,0.76
6,Chemical Products,2916,Unsaturated Acyclic Monocarboxylic Acids,2024,446611034.0,1.06
6,Chemical Products,2917,Polycarboxylic Acids,2024,588269743.0,0.94
6,Chemical Products,2918,Carboxylic Acids,2024,364526210.0,0.69
6,Chemical Products,2919,Phosphoric Esters and Salts,2024,14565731.0,1.31
6,Chemical Products,2920,Other Esters,2024,75193296.0,1.29
6,Chemical Products,2921,Amine Compounds,2024,489869263.0,0.82
6,Chemical Products,2922,Oxygen Amino Compounds,2024,685554841.0,0.48
6,Chemical Products,2923,Quaternary Ammonium Salts and Hydroxides,2024,23024648.0,0.50
6,Chemical Products,2924,Carboxyamide Compounds,2024,270972707.0,1.05
6,Chemical Products,2925,Carboxyimide Compounds,2024,42823887.0,0.46
6,Chemical Products,2926,Nitrile Compounds,2024,251982986.0,1.37
6,Chemical Products,2927,"Diazo, Azo or Aoxy Compounds",2024,36988293.0,0.79
6,Chemical Products,2928,Hydrazine or Hydroxylamine Derivatives,2024,24958391.0,1.20
6,Chemical Products,2929,Other Nitrogen Compounds,2024,121592202.0,1.06
6,Chemical Products,2930,Organo-Sulfur Compounds,2024,247782566.0,0.65
6,Chemical Products,2931,Other Organo-Inorganic Compounds,2024,179702828.0,0.89
6,Chemical Products,2932,Oxygen Heterocyclic Compounds,2024,353887161.0,1.11
6,Chemical Products,2933,Nitrogen Heterocyclic Compounds,2024,1710635319.0,1.17
6,Chemical Products,2934,Nucleic Acids,2024,558999758.0,0.90
6,Chemical Products,2935,Sulfonamides,2024,64141380.0,1.25
6,Chemical Products,2936,Vitamins,2024,141186704.0,0.59
6,Chemical Products,2937,Hormones,2024,228998906.0,0.98
6,Chemical Products,2938,Glycosides,2024,25655383.0,-0.48
6,Chemical Products,2939,Vegetable Alkaloids,2024,10825927.0,0.45
6,Chemical Products,2940,Chemically Pure Sugars,2024,15640294.0,1.03
6,Chemical Products,2941,Antibiotics,2024,1700918540.0,0.71
6,Chemical Products,2942,Other Organic Compounds,2024,2436094.0,-0.14
6,Chemical Products,3001,Glands and Other Organs,2024,79788175.0,0.48
6,Chemical Products,3002,"Vaccines, blood, antisera, toxins and cultures",2024,29081375.0,0.85
6,Chemical Products,3003,Unpackaged Medicaments,2024,79192359.0,0.12
6,Chemical Products,3004,Packaged Medicaments,2024,29218874.0,0.24
6,Chemical Products,3005,Bandages,2024,5788887.0,0.72
6,Chemical Products,3006,Special Pharmaceuticals,2024,58659047.0,0.85
6,Chemical Products,3101,Animal or Vegetable Fertilizers,2024,7074702.0,-0.73
6,Chemical Products,3102,Nitrogenous Fertilizers,2024,130780676.0,-0.81
6,Chemical Products,3103,Phosphatic Fertilizers,2024,82176.0,-1.15
6,Chemical Products,3104,Potassic Fertilizers,2024,5157225.0,-1.11
6,Chemical Products,3105,Mixed Mineral or Chemical Fertilizers,2024,686909041.0,-0.91
6,Chemical Products,3201,Vegetable Tanning Extracts,2024,102044.0,
6,Chemical Products,3202,Synthetic Tanning Extracts,2024,536118.0,
6,Chemical Products,3203,Vegetable or Animal Dyes,2024,5216822.0,0.39
6,Chemical Products,3204,Synthetic Coloring Matter,2024,151225363.0,0.44
6,Chemical Products,3205,Lake Pigments,2024,217985.0,
6,Chemical Products,3206,Other Coloring Matter,2024,723366697.0,0.55
6,Chemical Products,3207,Prepared Pigments,2024,50049373.0,0.25
6,Chemical Products,3208,Nonaqueous Paints,2024,27252997.0,0.05
6,Chemical Products,3209,Aqueous Paints,2024,6417126.0,-0.18
6,Chemical Products,3210,Other Paints,2024,5266327.0,0.11
6,Chemical Products,3211,Prepared Paint Driers,2024,151167.0,
6,Chemical Products,3212,Nonaqueous Pigments,2024,24116414.0,0.93
6,Chemical Products,3213,Artistry Paints,2024,3644646.0,
6,Chemical Products,3214,Glaziers Putty,2024,46550853.0,0.29
6,Chemical Products,3215,Ink,2024,83311209.0,0.53
6,Chemical Products,3301,Essential Oils,2024,40242009.0,-0.84
6,Chemical Products,3302,Scented Mixtures,2024,47391987.0,0.06
6,Chemical Products,3303,Perfumes,2024,444594.0,-0.37
6,Chemical Products,3304,Beauty Products,2024,94274926.0,0.53
6,Chemical Products,3305,Hair Products,2024,14919798.0,0.32
6,Chemical Products,3306,Dental Products,2024,796998.0,0.26
6,Chemical Products,3307,Shaving Products,2024,8339853.0,0.19
6,Chemical Products,3401,Soap,2024,693280.0,-0.81
6,Chemical Products,3402,Cleaning Products,2024,95316915.0,-0.09
6,Chemical Products,3403,Lubricating Products,2024,15518903.0,1.24
6,Chemical Products,3404,Waxes,2024,46631094.0,0.67
6,Chemical Products,3405,Polishes and Creams,2024,3438821.0,0.84
6,Chemical Products,3406,Candles,2024,5930198.0,-0.00
6,Chemical Products,3407,Pastes and Waxes,2024,3961398.0,0.93
6,Chemical Products,3501,Casein,2024,3370.0,0.21
6,Chemical Products,3502,Water Soluble Proteins,2024,33479.0,0.41
6,Chemical Products,3503,Gelatin,2024,24761309.0,-0.64
6,Chemical Products,3504,Peptones,2024,38745914.0,0.49
6,Chemical Products,3505,Dextrins,2024,9026095.0,0.50
6,Chemical Products,3506,Glues,2024,228248846.0,0.48
6,Chemical Products,3507,Enzymes,2024,82798625.0,1.02
6,Chemical Products,3601,Propellant Powders,2024,1305871.0,0.39
6,Chemical Products,3603,Detonating Fuses,2024,373858.0,-0.78
6,Chemical Products,3605,Matches,2024,36.0,
6,Chemical Products,3606,Pyrophoric Alloys,2024,164960.0,
6,Chemical Products,3701,Photographic Plates,2024,20180554.0,1.22
6,Chemical Products,3702,Photographic Film,2024,1389967.0,1.74
6,Chemical Products,3703,Photographic Paper,2024,3853099.0,
6,Chemical Products,3704,Undeveloped Exposed Photographic Material,2024,120.0,
6,Chemical Products,3705,Developed Exposed Photographic Material,2024,9424.0,2.14
6,Chemical Products,3706,"Motion-picture film, exposed and developed",2024,99.0,
6,Chemical Products,3707,Photographic Chemicals,2024,5291748.0,2.16
6,Chemical Products,3801,Artificial Graphite,2024,59209094.0,0.78
6,Chemical Products,3802,Activated Carbon,2024,46618718.0,-0.40
6,Chemical Products,3803,Tall Oil,2024,60.0,
6,Chemical Products,3804,Wood Pulp Lyes,2024,2222023.0,0.26
6,Chemical Products,3805,Turpentine,2024,299622.0,
6,Chemical Products,3806,Rosin,2024,11067742.0,-0.42
6,Chemical Products,3807,"Wood Tar, Oils and Pitch",2024,34725.0,
6,Chemical Products,3808,Pesticides,2024,491401179.0,-0.13
6,Chemical Products,3809,Dyeing Finishing Agents,2024,29609805.0,0.56
6,Chemical Products,3810,Metal Pickling Preparations,2024,31041648.0,1.35
6,Chemical Products,3811,Antiknock,2024,17044515.0,0.69
6,Chemical Products,3812,Prepared Rubber Accelerators,2024,136195807.0,0.94
6,Chemical Products,3813,Fire Extinguishers Preparations,2024,4007631.0,
6,Chemical Products,3814,Organic Composite Solvents,2024,4585695.0,0.06
6,Chemical Products,3815,Reaction and Catalytic Products,2024,64457013.0,0.91
6,Chemical Products,3816,Refractory Cements,2024,26767655.0,0.59
6,Chemical Products,3817,Alkylbenzenes and Alkylnaphthalenes,2024,132745.0,-0.10
6,Chemical Products,3818,Disc Chemicals for Electronics,2024,182923952.0,1.52
6,Chemical Products,3819,Hydraulic Brake Fluid,2024,1605157.0,0.62
6,Chemical Products,3820,Antifreeze,2024,570359.0,0.29
6,Chemical Products,3821,Micro-Organism Culture Preparations,2024,1294272.0,1.04
6,Chemical Products,3822,Laboratory Reagents,2024,93769192.0,1.55
6,Chemical Products,3823,"Industrial Fatty Acids, Oils and Alcohols",2024,7886184.0,-0.69
6,Chemical Products,3824,Prepr binder for foundry,2024,426134169.0,0.43
6,Chemical Products,3825,Residual products of the chemical or allied industries,2024,169528.0,
7,Plastics and Rubbers,3901,Ethylene Polymers,2024,69584314.0,0.34
7,Plastics and Rubbers,3902,Propylene Polymers,2024,119618930.0,0.80
7,Plastics and Rubbers,3903,Styrene Polymers,2024,31978047.0,0.82
7,Plastics and Rubbers,3904,Vinyl Chloride Polymers,2024,1101071037.0,0.35
7,Plastics and Rubbers,3905,Other Vinyl Polymers,2024,129780783.0,1.02
7,Plastics and Rubbers,3906,Acrylic Polymers,2024,228090598.0,1.19
7,Plastics and Rubbers,3907,Polyacetals,2024,770160038.0,0.63
7,Plastics and Rubbers,3908,Polyamides,2024,375704778.0,1.39
7,Plastics and Rubbers,3909,Amino-resins,2024,254222047.0,0.77
7,Plastics and Rubbers,3910,Silicone,2024,165614121.0,1.48
7,Plastics and Rubbers,3911,Petroleum Resins,2024,117379568.0,1.29
7,Plastics and Rubbers,3912,Cellulose,2024,165903400.0,0.89
7,Plastics and Rubbers,3913,Natural Polymers,2024,44053058.0,0.62
7,Plastics and Rubbers,3914,Polymer Ion-Exchangers,2024,13942437.0,1.54
7,Plastics and Rubbers,3915,Scrap Plastic,2024,103208.0,-0.71
7,Plastics and Rubbers,3916,Monofilament,2024,127724397.0,0.46
7,Plastics and Rubbers,3917,Plastic Pipes,2024,66833926.0,-0.02
7,Plastics and Rubbers,3918,Plastic Floor Coverings,2024,72128073.0,0.20
7,Plastics and Rubbers,3919,Self-adhesive Plastics,2024,425531135.0,0.84
7,Plastics and Rubbers,3920,Raw Plastic Sheeting,2024,911966524.0,0.63
7,Plastics and Rubbers,3921,Other Plastic Sheetings,2024,254747847.0,0.49
7,Plastics and Rubbers,3922,Plastic Wash Basins,2024,62405035.0,0.14
7,Plastics and Rubbers,3923,Plastic Lids,2024,134658969.0,-0.17
7,Plastics and Rubbers,3924,Plastic Housewares,2024,70224789.0,-0.78
7,Plastics and Rubbers,3925,Plastic Building Materials,2024,68575992.0,0.04
7,Plastics and Rubbers,3926,Other Plastic Products,2024,620250593.0,-0.38
7,Plastics and Rubbers,4001,Rubber,2024,1110316.0,-2.82
7,Plastics and Rubbers,4002,Synthetic Rubber,2024,116283466.0,0.75
7,Plastics and Rubbers,4003,Reclaimed Rubber,2024,81577.0,
7,Plastics and Rubbers,4004,Scrap Rubber,2024,96751.0,
7,Plastics and Rubbers,4005,Compounded Unvulcanised Rubber,2024,1355904.0,0.51
7,Plastics and Rubbers,4006,Unvulcanised Rubber Products,2024,175228.0,
7,Plastics and Rubbers,4007,Rubber Thread,2024,646756.0,0.27
7,Plastics and Rubbers,4008,Rubber Sheets,2024,15560766.0,0.70
7,Plastics and Rubbers,4009,Rubber Pipes,2024,51026148.0,0.58
7,Plastics and Rubbers,4010,Rubber Belting,2024,40474486.0,0.57
7,Plastics and Rubbers,4011,Rubber Tires,2024,49620720.0,0.02
7,Plastics and Rubbers,4012,Used Rubber Tires,2024,3696754.0,0.07
7,Plastics and Rubbers,4013,Rubber Inner Tubes,2024,328256.0,-0.22
7,Plastics and Rubbers,4014,Pharmaceutical Rubber Products,2024,4558479.0,0.12
7,Plastics and Rubbers,4015,Rubber Apparel,2024,9962432.0,-0.71
7,Plastics and Rubbers,4016,Other Rubber Products,2024,130509902.0,0.28
7,Plastics and Rubbers,4017,Hard Rubber,2024,937831.0,
8,Animal Hides,4102,Sheep Hides,2024,624794.0,
8,Animal Hides,4104,Tanned Equine and Bovine Hides,2024,4657632.0,-1.32
8,Animal Hides,4105,Tanned Sheep Hides,2024,9058776.0,
8,Animal Hides,4106,Tanned Goat Hides,2024,228388.0,
8,Animal Hides,4107,Leather of Other Animals,2024,19480030.0,-0.92
8,Animal Hides,4112,Leather further prepared after tanning or crusting of sheep or lamb,2024,97259.0,-0.95
8,Animal Hides,4113,Leather further prepared after tanning or crusting of animals (other than ovine),2024,249450.0,
8,Animal Hides,4114,Chamois (including combination chamois) leather,2024,245618.0,
8,Animal Hides,4115,Composition leather with a basis of leather or leather fibre,2024,526372.0,
8,Animal Hides,4201,Saddlery,2024,2106510.0,-0.31
8,Animal Hides,4202,Trunks and Cases,2024,406343772.0,-0.98
8,Animal Hides,4203,Leather Apparel,2024,5831097.0,-1.35
8,Animal Hides,4205,Other Leather Articles,2024,3985507.0,-0.58
8,Animal Hides,4302,Tanned Furskins,2024,1566118.0,0.14
8,Animal Hides,4303,Furskin Apparel,2024,196141.0,-0.20
8,Animal Hides,4304,Artificial Fur,2024,410897.0,
9,Wood Products,4401,Fuel Wood,2024,640011.0,-0.24
9,Wood Products,4402,Wood Charcoal,2024,1406199.0,-1.72
9,Wood Products,4403,Rough Wood,2024,36.0,-0.59
9,Wood Products,4404,Wood Stakes,2024,251554.0,
9,Wood Products,4405,Wood Wool,2024,575195.0,
9,Wood Products,4407,Sawn Wood,2024,6838178.0,-0.71
9,Wood Products,4408,Veneer Sheets,2024,31888354.0,-1.40
9,Wood Products,4409,Shaped Wood,2024,5472697.0,-1.19
9,Wood Products,4410,Particle Board,2024,1464225.0,0.24
9,Wood Products,4411,Wood Fiberboard,2024,21490613.0,-0.31
9,Wood Products,4412,Plywood,2024,34718889.0,-1.03
9,Wood Products,4413,Densified Wood,2024,755165.0,-0.80
9,Wood Products,4414,Wood Frames,2024,1151944.0,-0.01
9,Wood Products,4415,Wood Crates,2024,918510.0,0.15
9,Wood Products,4416,Wood Barrels,2024,124401.0,0.15
9,Wood Products,4417,Wooden Tool Handles,2024,281724.0,
9,Wood Products,4418,Wood Carpentry,2024,17673229.0,-0.22
9,Wood Products,4419,Wood Kitchenware,2024,22705414.0,-1.04
9,Wood Products,4420,Wood Ornaments,2024,2141723.0,-0.75
9,Wood Products,4421,Other Wood Articles,2024,33784961.0,-0.49
9,Wood Products,4501,Raw Cork,2024,775114.0,
9,Wood Products,4502,Debacked Cork,2024,2838.0,
9,Wood Products,4503,Natural Cork Articles,2024,87776.0,-0.60
9,Wood Products,4504,Agglomerated Cork,2024,586488.0,-0.92
9,Wood Products,4601,Plaiting Products,2024,2817592.0,
9,Wood Products,4602,Basketwork,2024,4978184.0,-1.63
10,Paper Goods,4701,Mechanical Wood Pulp,2024,1172.0,
10,Paper Goods,4702,Dissolving Grades Chemical Woodpulp,2024,295795.0,0.04
10,Paper Goods,4703,Sulfate Chemical Woodpulp,2024,21905850.0,0.09
10,Paper Goods,4705,Semi chemical Woodpulp,2024,155.0,-0.16
10,Paper Goods,4706,Recovered Paper Pulp,2024,3816004.0,-0.27
10,Paper Goods,4707,Recovered Paper,2024,70.0,-0.15
10,Paper Goods,4801,Newsprint,2024,223000.0,0.99
10,Paper Goods,4802,Uncoated Paper,2024,24520957.0,0.48
10,Paper Goods,4803,Tissue,2024,2055285.0,-0.80
10,Paper Goods,4804,Kraft Paper,2024,8642509.0,0.23
10,Paper Goods,4805,Other Uncoated Paper,2024,120936042.0,0.15
10,Paper Goods,4806,Vegetable Parchment,2024,24033851.0,1.05
10,Paper Goods,4807,Composite Paper,2024,2659401.0,0.42
10,Paper Goods,4808,Corrugated Paper,2024,3453669.0,0.01
10,Paper Goods,4809,Carbon Paper,2024,14160414.0,
10,Paper Goods,4810,Kaolin Coated Paper,2024,355479116.0,0.89
10,Paper Goods,4811,Cellulose Fibers Paper,2024,155413807.0,0.50
10,Paper Goods,4812,Paper Pulp Filter Blocks,2024,798228.0,
10,Paper Goods,4813,Cigarette Paper,2024,8427322.0,-0.04
10,Paper Goods,4814,Wallpaper,2024,16391844.0,0.35
10,Paper Goods,4816,Other Carbon Paper,2024,315976.0,
10,Paper Goods,4817,Letter Stock,2024,741497.0,0.16
10,Paper Goods,4818,Toilet Paper,2024,8073422.0,-0.14
10,Paper Goods,4819,Paper Containers,2024,44223866.0,-0.35
10,Paper Goods,4820,Paper Notebooks,2024,20639497.0,-0.84
10,Paper Goods,4821,Paper Labels,2024,33607520.0,-0.29
10,Paper Goods,4822,Paper Spools,2024,1299317.0,
10,Paper Goods,4823,Shaped Paper,2024,47019196.0,-0.00
10,Paper Goods,4901,Brochures,2024,9995705.0,0.22
10,Paper Goods,4902,Newspapers,2024,15532.0,0.92
10,Paper Goods,4903,Children's Picture Books,2024,2475323.0,-0.19
10,Paper Goods,4905,Maps,2024,37976.0,
10,Paper Goods,4906,Architectural Plans,2024,2163841.0,
10,Paper Goods,4907,Documents of title (bonds etc) and unused stamps,2024,6544640.0,-1.70
10,Paper Goods,4908,Decals,2024,6898044.0,0.36
10,Paper Goods,4909,Postcards,2024,162421.0,0.30
10,Paper Goods,4910,Calendars,2024,179764.0,0.66
10,Paper Goods,4911,Other Printed Material,2024,9039908.0,0.60
11,Textiles,5002,Raw Silk,2024,30896600.0,
11,Textiles,5003,Silk Waste,2024,1736450.0,
11,Textiles,5004,Non-Retail Silk Yarn,2024,2087696.0,
11,Textiles,5005,Silk Waste Yarn,2024,12648702.0,
11,Textiles,5006,Retail Silk Yarn,2024,1218269.0,
11,Textiles,5007,Silk Fabrics,2024,29379400.0,-0.13
11,Textiles,5101,Wool,2024,11754466.0,-1.62
11,Textiles,5102,Animal Hair,2024,4851134.0,
11,Textiles,5103,Wool or Animal Hair Waste,2024,2043029.0,
11,Textiles,5104,Garnetted Wool or Animal Hair,2024,1150.0,
11,Textiles,5105,Prepared Wool or Animal Hair,2024,13748868.0,0.12
11,Textiles,5106,Non-Retail Carded Wool Yarn,2024,316824.0,
11,Textiles,5107,Non-Retail Combed Wool Yarn,2024,1279470.0,-0.23
11,Textiles,5108,Non-Retail Animal Hair Yarn,2024,363059.0,
11,Textiles,5109,Retail Wool or Animal Hair Yarn,2024,106370.0,
11,Textiles,5111,Carded Wool or Animal Hair Fabric,2024,8699762.0,
11,Textiles,5112,Combed Wool or Animal Hair Fabric,2024,16764266.0,-0.14
11,Textiles,5113,Horsehair Fabric,2024,77055.0,
11,Textiles,5201,Raw Cotton,2024,449356.0,-2.88
11,Textiles,5202,Cotton Waste,2024,14165.0,
11,Textiles,5204,Cotton Sewing Thread,2024,264341.0,
11,Textiles,5205,Non-Retail Pure Cotton Yarn,2024,1559150.0,-1.81
11,Textiles,5206,Non-Retail Mixed Cotton Yarn,2024,166205.0,
11,Textiles,5207,Retail Cotton Yarn,2024,18669.0,
11,Textiles,5208,Light Pure Woven Cotton,2024,47360600.0,-0.79
11,Textiles,5209,Heavy Pure Woven Cotton,2024,15950759.0,-1.03
11,Textiles,5210,Light Mixed Woven Cotton,2024,12356674.0,
11,Textiles,5211,Heavy Mixed Woven Cotton,2024,19193267.0,-1.37
11,Textiles,5212,Other Cotton Fabrics,2024,4533776.0,
11,Textiles,5302,Hemp Fibers,2024,1873684.0,
11,Textiles,5303,Jute and Other Textile Fibers,2024,3853.0,
11,Textiles,5305,Coconut and Other Vegetable Fibers,2024,37032.0,-2.31
11,Textiles,5306,Flax Yarn,2024,12580717.0,
11,Textiles,5307,Jute Yarn,2024,10296.0,
11,Textiles,5308,Other Vegetable Fibers Yarn,2024,4104511.0,
11,Textiles,5309,Flax Woven Fabric,2024,54145637.0,0.31
11,Textiles,5310,Jute Woven Fabric,2024,16741.0,
11,Textiles,5311,Other Vegetable Fibers Fabric,2024,3866012.0,
11,Textiles,5401,Artificial Filament Sewing Thread,2024,6390005.0,-0.43
11,Textiles,5402,Non-Retail Synthetic Filament Yarn,2024,393912554.0,0.07
11,Textiles,5403,Non-Retail Artificial Filament Yarn,2024,344306343.0,-0.15
11,Textiles,5404,Synthetic Monofilament,2024,18061697.0,0.36
11,Textiles,5405,Artificial Monofilament,2024,465712.0,
11,Textiles,5406,Retail Artificial Filament Yarn,2024,340361.0,
11,Textiles,5407,Synthetic Filament Yarn Woven Fabric,2024,574477840.0,-0.26
11,Textiles,5408,Artificial Filament Yarn Woven Fabric,2024,12900588.0,
11,Textiles,5501,Synthetic Filament Tow,2024,10428486.0,0.03
11,Textiles,5502,Artificial Filament Tow,2024,652083.0,0.66
11,Textiles,5503,Unprocessed Synthetic Staple Fibers,2024,60407017.0,0.10
11,Textiles,5504,Unprocessed Artificial Staple Fibers,2024,6243056.0,0.09
11,Textiles,5505,Artificial Fibers Waste,2024,1723.0,
11,Textiles,5506,Processed Synthetic Staple Fibers,2024,1783935.0,
11,Textiles,5507,Processed Artificial Staple Fibers,2024,176272.0,
11,Textiles,5508,Non-Retail Artificial Staple Fibers Sewing Thread,2024,777041.0,-1.13
11,Textiles,5509,Non-Retail Synthetic Staple Fibers Yarn,2024,52483939.0,-1.07
11,Textiles,5510,Non-Retail Artificial Staple Fibers Yarn,2024,25101043.0,-0.36
11,Textiles,5511,Retail Artificial Staple Fibers Yarn,2024,75860.0,
11,Textiles,5512,Synthetic Fabrics,2024,23933296.0,0.04
11,Textiles,5513,Light Synthetic Cotton Fabrics,2024,5682331.0,-1.06
11,Textiles,5514,Heavy Synthetic Cotton Fabrics,2024,4848615.0,-0.31
11,Textiles,5515,Other Synthetic Fabrics,2024,83586815.0,-0.92
11,Textiles,5516,Woven Fabric of Synthetic Staple Fibers,2024,32380306.0,-0.02
11,Textiles,5601,Wadding,2024,9770863.0,-0.48
11,Textiles,5602,Felt,2024,15956307.0,0.70
11,Textiles,5603,Non-woven Textiles,2024,80764749.0,0.57
11,Textiles,5604,Rubber Textiles,2024,2952359.0,
11,Textiles,5605,Metallic Yarn,2024,1154328.0,
11,Textiles,5606,Gimp Yarn,2024,6646228.0,0.36
11,Textiles,5607,Twine and Rope,2024,11579450.0,-0.54
11,Textiles,5608,"Twine, cordage or rope; knotted netting, made up fishing nets and other made up nets, of textile materials",2024,1774913.0,-0.50
11,Textiles,5609,Other Articles of Twine and Rope,2024,2321269.0,-0.74
11,Textiles,5701,Knotted Carpets,2024,377338.0,-0.79
11,Textiles,5702,Hand-Woven Rugs,2024,3046351.0,-0.99
11,Textiles,5703,Tufted Carpets,2024,50814697.0,-0.36
11,Textiles,5704,Felt Carpets,2024,146409.0,0.24
11,Textiles,5705,Other Carpets,2024,6247277.0,-1.01
11,Textiles,5801,Woven Fabrics,2024,17840858.0,0.67
11,Textiles,5802,Terry Fabric,2024,234414.0,
11,Textiles,5803,Gauze,2024,896146.0,
11,Textiles,5804,Tulles and Net Fabric,2024,19453765.0,-0.31
11,Textiles,5805,Hand-Woven Tapestries,2024,7951.0,
11,Textiles,5806,Narrow Woven Fabric,2024,58498547.0,-0.18
11,Textiles,5807,Labels,2024,18256254.0,-0.48
11,Textiles,5808,Ornamental Trimmings,2024,6634651.0,
11,Textiles,5809,Metallic Fabric,2024,578800.0,
11,Textiles,5810,Embroidery,2024,13987080.0,-0.67
11,Textiles,5811,Quilted Textiles,2024,457555.0,
11,Textiles,5901,Gum Coated Textile Fabric,2024,6369516.0,
11,Textiles,5902,Polyamide Fabric,2024,102916168.0,0.23
11,Textiles,5903,Plastic Coated Textile Fabric,2024,248679218.0,0.70
11,Textiles,5904,Linoleum,2024,4764.0,
11,Textiles,5905,Textile Wall Coverings,2024,566590.0,
11,Textiles,5906,Rubber Textile Fabric,2024,25532404.0,0.97
11,Textiles,5907,Coated Textile Fabric,2024,18602605.0,0.19
11,Textiles,5908,Textile Wicks,2024,80611.0,
11,Textiles,5909,Hose Piping Textiles,2024,5218776.0,
11,Textiles,5910,Conveyor Belt Textiles,2024,7099530.0,1.01
11,Textiles,5911,Textiles for technical uses,2024,53381583.0,0.81
11,Textiles,6001,Pile Fabric,2024,167887055.0,-0.71
11,Textiles,6002,Light Rubberized Knitted Fabric,2024,2544383.0,
11,Textiles,6003,Knitted or crocheted fabrics of a width not exceeding 30 cm,2024,672729.0,
11,Textiles,6004,Knitted or crocheted fabrics of a width exceeding 30 cm,2024,280825882.0,-0.61
11,Textiles,6005,Warp knit fabrics (including those made on galloon knitting machines),2024,99011481.0,1.00
11,Textiles,6006,Other knitted or crocheted fabrics.,2024,295630495.0,-0.53
11,Textiles,6101,Knit Men's Coats,2024,2012868.0,-1.61
11,Textiles,6102,Knit Women's Coats,2024,3281917.0,-1.48
11,Textiles,6103,Knit Men's Suits,2024,15933685.0,-1.60
11,Textiles,6104,Knit Women's Suits,2024,105739065.0,-1.43
11,Textiles,6105,Knit Men's Shirts,2024,8922015.0,-2.04
11,Textiles,6106,Knit Women's Shirts,2024,13159165.0,-1.83
11,Textiles,6107,Knit Men's Undergarments,2024,4468526.0,-1.70
11,Textiles,6108,Knit Women's Undergarments,2024,22351322.0,-1.63
11,Textiles,6109,Knit T-shirts,2024,38387151.0,-1.81
11,Textiles,6110,Knit Sweaters,2024,27622616.0,-1.46
11,Textiles,6111,Knit Babies' Garments,2024,16058551.0,-1.77
11,Textiles,6112,Knit Active Wear,2024,4649209.0,-1.15
11,Textiles,6113,Garments of Impregnated Fabric,2024,249891.0,-1.47
11,Textiles,6114,Other Knit Garments,2024,5168025.0,-1.54
11,Textiles,6115,Knit Socks and Hosiery,2024,30994546.0,-0.99
11,Textiles,6116,Knit Gloves,2024,49346936.0,-1.57
11,Textiles,6117,Other Knit Clothing Accessories,2024,41759435.0,-1.20
11,Textiles,6201,Non-Knit Men's Coats,2024,14236912.0,-1.32
11,Textiles,6202,Non-Knit Women's Coats,2024,8303683.0,-1.17
11,Textiles,6203,Non-Knit Men's Suits,2024,18265097.0,-1.41
11,Textiles,6204,Non-Knit Women's Suits,2024,69985462.0,-1.27
11,Textiles,6205,Non-Knit Men's Shirts,2024,13534775.0,-1.70
11,Textiles,6206,Non-Knit Women's Shirts,2024,12480833.0,-1.29
11,Textiles,6207,Non-Knit Men's Undergarments,2024,387748.0,
11,Textiles,6208,Non-Knit Women's Undergarments,2024,3111859.0,-1.59
11,Textiles,6209,Non-Knit Babies' Garments,2024,5977280.0,-1.70
11,Textiles,6210,Felt or Coated Fabric Garments,2024,4335993.0,-1.27
11,Textiles,6211,Non-Knit Active Wear,2024,4458956.0,-1.50
11,Textiles,6212,Other Women's Undergarments,2024,20226246.0,-1.44
11,Textiles,6213,Handkerchiefs,2024,425454.0,
11,Textiles,6214,Scarves,2024,2658277.0,-1.15
11,Textiles,6215,Neck Ties,2024,681573.0,
11,Textiles,6216,Non-Knit Gloves,2024,1145211.0,-1.62
11,Textiles,6217,Other Non-Knit Clothing Accessories,2024,5511644.0,-1.02
11,Textiles,6301,Blankets,2024,23262961.0,-1.79
11,Textiles,6302,House Linens,2024,28684314.0,-1.29
11,Textiles,6303,Window Dressings,2024,22789772.0,-0.51
11,Textiles,6304,Bedspreads,2024,33983218.0,-1.20
11,Textiles,6305,Packing Bags,2024,4168825.0,-1.54
11,Textiles,6306,"Awnings, Tents, and Sails",2024,22060646.0,-0.97
11,Textiles,6307,Other Cloth Articles,2024,50951574.0,-1.03
11,Textiles,6308,Packaged Sewing Sets,2024,145327.0,
11,Textiles,6309,Used Clothing,2024,7559838.0,-0.33
11,Textiles,6310,Textile Scraps,2024,3914735.0,
12,Footwear and Headwear,6401,Waterproof Footwear,2024,905116.0,-1.19
12,Footwear and Headwear,6402,Rubber Footwear,2024,66090393.0,-1.22
12,Footwear and Headwear,6403,Leather Footwear,2024,10707735.0,-0.77
12,Footwear and Headwear,6404,Textile Footwear,2024,95571002.0,-1.05
12,Footwear and Headwear,6405,Other Footwear,2024,7990271.0,-0.90
12,Footwear and Headwear,6406,Footwear Parts,2024,84752404.0,-0.73
12,Footwear and Headwear,6501,Hat Forms,2024,3762530.0,
12,Footwear and Headwear,6502,Hat Shapes,2024,160864.0,
12,Footwear and Headwear,6504,Hats,2024,1690531.0,-1.50
12,Footwear and Headwear,6505,Knitted Hats,2024,18331745.0,-1.65
12,Footwear and Headwear,6506,Other Headwear,2024,12570598.0,-0.21
12,Footwear and Headwear,6507,Headbands and Linings,2024,1284196.0,
12,Footwear and Headwear,6601,Umbrellas,2024,24641112.0,-0.69
12,Footwear and Headwear,6602,Walking Sticks,2024,1136572.0,
12,Footwear and Headwear,6603,Umbrella and Walking Stick Accessories,2024,55023431.0,
12,Footwear and Headwear,6701,Bird Skins and Feathers,2024,2587.0,
12,Footwear and Headwear,6702,Artificial Vegetation,2024,42466106.0,-0.06
12,Footwear and Headwear,6703,Processed Hair,2024,706035.0,-1.96
12,Footwear and Headwear,6704,Fake Hair,2024,7874445.0,-2.75
13,Stone And Glass,6801,Curbstones,2024,750.0,-0.68
13,Stone And Glass,6802,Building Stone,2024,22615691.0,-1.22
13,Stone And Glass,6803,Worked Slate,2024,62428.0,-0.27
13,Stone And Glass,6804,Milling Stones,2024,183194324.0,1.03
13,Stone And Glass,6805,Abrasive Powder,2024,72451311.0,0.80
13,Stone And Glass,6806,Rock Wool,2024,33525552.0,0.80
13,Stone And Glass,6807,Asphalt,2024,4120751.0,0.03
13,Stone And Glass,6808,Vegetable Fiber,2024,1772192.0,0.12
13,Stone And Glass,6809,Plaster Articles,2024,11669315.0,-0.67
13,Stone And Glass,6810,Cement Articles,2024,11131874.0,0.14
13,Stone And Glass,6811,Asbestos Cement Articles,2024,2063469.0,-0.00
13,Stone And Glass,6812,Asbestos Fibres,2024,637604.0,
13,Stone And Glass,6813,Friction Material,2024,3034912.0,0.24
13,Stone And Glass,6814,Processed Mica,2024,8521414.0,
13,Stone And Glass,6815,Other Stone Articles,2024,154556649.0,0.49
13,Stone And Glass,6901,Bricks,2024,5828227.0,
13,Stone And Glass,6902,Refractory Bricks,2024,209229398.0,0.40
13,Stone And Glass,6903,Refractory Ceramics,2024,29346955.0,0.63
13,Stone And Glass,6904,Ceramic Bricks,2024,2563807.0,-0.97
13,Stone And Glass,6905,Roofing Tiles,2024,13394310.0,0.16
13,Stone And Glass,6906,Ceramic Pipes,2024,515076.0,
13,Stone And Glass,6907,Unglazed Ceramics,2024,5298084.0,-1.12
13,Stone And Glass,6909,Laboratory Ceramic Ware,2024,98345104.0,1.12
13,Stone And Glass,6910,Bathroom Ceramics,2024,55053522.0,-0.71
13,Stone And Glass,6911,Porcelain Tableware,2024,18149529.0,-0.40
13,Stone And Glass,6912,Ceramic Tableware,2024,10567748.0,-0.24
13,Stone And Glass,6913,Ornamental Ceramics,2024,12976589.0,-0.33
13,Stone And Glass,6914,Other Ceramic Articles,2024,26623759.0,0.08
13,Stone And Glass,7001,Glass Scraps,2024,208396.0,-0.60
13,Stone And Glass,7002,Glass Balls,2024,49672067.0,
13,Stone And Glass,7003,Cast or Rolled Glass,2024,9017081.0,1.00
13,Stone And Glass,7004,Blown Glass,2024,5753235.0,0.39
13,Stone And Glass,7005,Float Glass,2024,10277108.0,-0.44
13,Stone And Glass,7006,Glass with Edge Workings,2024,37968164.0,0.75
13,Stone And Glass,7007,Safety Glass,2024,523287336.0,0.24
13,Stone And Glass,7008,Insulating Glass,2024,4577063.0,0.30
13,Stone And Glass,7009,Glass Mirrors,2024,47774469.0,0.36
13,Stone And Glass,7010,Glass Bottles,2024,66403350.0,-0.66
13,Stone And Glass,7011,Glass Bulbs,2024,1564977.0,
13,Stone And Glass,7013,Interior Decorative Glassware,2024,129582864.0,0.18
13,Stone And Glass,7014,Signaling Glassware,2024,6948797.0,1.19
13,Stone And Glass,7015,Eyewear and Clock Glass,2024,5660038.0,
13,Stone And Glass,7016,Glass Bricks,2024,45334559.0,-0.01
13,Stone And Glass,7017,Laboratory Glassware,2024,5151209.0,0.56
13,Stone And Glass,7018,Glass Beads,2024,120001663.0,0.70
13,Stone And Glass,7019,Glass Fibers,2024,262448461.0,0.63
13,Stone And Glass,7020,Other Glass Articles,2024,33518183.0,0.26
14,Precious Metals,7101,Pearls,2024,11863092.0,-0.81
14,Precious Metals,7102,Diamonds,2024,52100345.0,-1.82
14,Precious Metals,7103,Precious Stones,2024,8472179.0,-1.88
14,Precious Metals,7104,Synthetic Reconstructed Jewellery Stones,2024,261607134.0,-0.08
14,Precious Metals,7105,Precious Stone Dust,2024,29146059.0,
14,Precious Metals,7106,Silver,2024,2149323.0,-0.19
14,Precious Metals,7107,Silver Clad Metals,2024,2805.0,
14,Precious Metals,7108,Gold,2024,547289453.0,-1.70
14,Precious Metals,7110,Platinum,2024,163324.0,0.33
14,Precious Metals,7111,Platinum Clad Metals,2024,20860.0,-0.61
14,Precious Metals,7113,Jewellery,2024,8128135.0,-0.14
14,Precious Metals,7114,Metal-Clad Products,2024,2745549.0,0.52
14,Precious Metals,7115,Other Precious Metal Products,2024,31703223.0,-0.31
14,Precious Metals,7116,Pearl Products,2024,3209589.0,-0.22
14,Precious Metals,7117,Imitation Jewellery,2024,26434904.0,-0.16
14,Precious Metals,7118,Coin,2024,2342.0,0.25
15,Metals,7201,Pig Iron,2024,304416.0,-1.80
15,Metals,7202,Ferroalloys,2024,93491827.0,-0.65
15,Metals,7203,Iron Reductions,2024,274862.0,-1.60
15,Metals,7204,Scrap Iron,2024,689448.0,-0.50
15,Metals,7205,Iron Powder,2024,27524113.0,0.48
15,Metals,7206,Iron Ingots,2024,10191865.0,-1.72
15,Metals,7207,Semi-Finished Iron,2024,35619980.0,-1.05
15,Metals,7208,Hot-Rolled Iron,2024,603134252.0,0.25
15,Metals,7209,Cold-Rolled Iron,2024,35125584.0,0.18
15,Metals,7210,Coated Flat-Rolled Iron,2024,341827509.0,0.16
15,Metals,7211,Large Flat-Rolled Iron,2024,3933751.0,0.46
15,Metals,7212,Large Coated Flat-Rolled Iron,2024,22585544.0,0.33
15,Metals,7213,Hot-Rolled Iron Bars,2024,11211534.0,-0.39
15,Metals,7214,Raw Iron Bars,2024,30551229.0,-1.00
15,Metals,7215,Other Iron Bars,2024,2616116.0,-0.12
15,Metals,7216,Iron Blocks,2024,10305353.0,-0.24
15,Metals,7217,Iron Wire,2024,69408198.0,-0.29
15,Metals,7218,Stainless Steel Ingots,2024,23769.0,0.77
15,Metals,7219,Large Flat-Rolled Stainless Steel,2024,608778971.0,0.86
15,Metals,7220,Flat-Rolled Stainless Steel,2024,33293385.0,1.02
15,Metals,7221,Hot-Rolled Stainless Steel Bars,2024,12375987.0,1.47
15,Metals,7222,Other Stainless Steel Bars,2024,16481278.0,1.12
15,Metals,7223,Stainless Steel Wire,2024,8019730.0,1.45
15,Metals,7224,Steel Ingots,2024,8984819.0,0.49
15,Metals,7225,Flat Flat-Rolled Steel,2024,453245429.0,1.31
15,Metals,7226,Flat-Rolled Iron,2024,118374597.0,1.26
15,Metals,7227,Steel Bars,2024,21611640.0,0.20
15,Metals,7228,Other Steel Bars,2024,122424192.0,0.49
15,Metals,7229,Steel Wire,2024,8514267.0,0.66
15,Metals,7301,Iron Sheet Piling,2024,5011835.0,-0.14
15,Metals,7302,Iron Railway Products,2024,5686764.0,0.58
15,Metals,7303,Cast Iron Pipes,2024,55592.0,-0.76
15,Metals,7304,Iron Pipes,2024,606424187.0,0.11
15,Metals,7305,Other Large Iron Pipes,2024,6053124.0,0.10
15,Metals,7306,Other Small Iron Pipes,2024,30165073.0,-0.04
15,Metals,7307,Iron Pipe Fittings,2024,135927837.0,0.89
15,Metals,7308,Iron Structures,2024,183848406.0,-0.13
15,Metals,7309,Large Iron Containers,2024,11992099.0,0.16
15,Metals,7310,Small Iron Containers,2024,26789729.0,0.08
15,Metals,7311,Iron Gas Containers,2024,38461940.0,-0.39
15,Metals,7312,Stranded Iron Wire,2024,142667542.0,0.03
15,Metals,7313,Barbed Wire,2024,1280245.0,
15,Metals,7314,Iron Cloth,2024,35992446.0,-0.14
15,Metals,7315,Iron Chains,2024,49628664.0,0.93
15,Metals,7316,Iron Anchors,2024,1630121.0,
15,Metals,7317,Iron Nails,2024,24554686.0,-0.95
15,Metals,7318,Iron Fasteners,2024,312966139.0,1.18
15,Metals,7319,Iron Sewing Needles,2024,9311840.0,
15,Metals,7320,Iron Springs,2024,35963194.0,0.80
15,Metals,7321,Iron Stovetops,2024,33813503.0,0.04
15,Metals,7322,Iron Radiators,2024,278062.0,0.43
15,Metals,7323,Iron Housewares,2024,62659973.0,-0.37
15,Metals,7324,Iron Toiletry,2024,63684969.0,0.31
15,Metals,7325,Other Cast Iron Products,2024,27851027.0,-0.25
15,Metals,7326,Other Iron Products,2024,403544519.0,-0.11
15,Metals,7401,Precipitated Copper,2024,33285.0,-1.57
15,Metals,7402,Raw Copper,2024,23842.0,-2.64
15,Metals,7403,Refined Copper,2024,361054.0,-1.44
15,Metals,7404,Scrap Copper,2024,4240814.0,-0.95
15,Metals,7405,Copper Alloys,2024,98247.0,
15,Metals,7406,Copper Powder,2024,2096164.0,0.04
15,Metals,7407,Copper Bars,2024,15702542.0,-0.02
15,Metals,7408,Copper Wire,2024,123832656.0,-0.10
15,Metals,7409,Copper Plating,2024,150382388.0,0.65
15,Metals,7410,Copper Foil,2024,82614466.0,0.48
15,Metals,7411,Copper Pipes,2024,119502095.0,0.48
15,Metals,7412,Copper Pipe Fittings,2024,8641401.0,0.70
15,Metals,7413,Stranded Copper Wire,2024,909829.0,0.04
15,Metals,7415,Copper Fasteners,2024,8087919.0,0.72
15,Metals,7418,Copper Housewares,2024,17513895.0,0.10
15,Metals,7419,Other Copper Products,2024,25374073.0,0.69
15,Metals,7501,Nickel Mattes,2024,2562823.0,-1.31
15,Metals,7502,Raw Nickel,2024,47611848.0,-0.27
15,Metals,7504,Nickel Powder,2024,2553059.0,-0.08
15,Metals,7505,Nickel Bars,2024,81356581.0,1.29
15,Metals,7506,Nickel Sheets,2024,14269220.0,1.63
15,Metals,7507,Nickel Pipes,2024,41793056.0,1.18
15,Metals,7508,Other Nickel Products,2024,8491891.0,1.40
15,Metals,7601,Raw Aluminium,2024,7104041.0,-1.39
15,Metals,7602,Scrap Aluminium,2024,190519.0,-0.90
15,Metals,7603,Aluminium Powder,2024,480057.0,-0.66
15,Metals,7604,Aluminium Bars,2024,139778206.0,-0.26
15,Metals,7605,Aluminium Wire,2024,12076605.0,-0.60
15,Metals,7606,Aluminium Plating,2024,259140214.0,0.16
15,Metals,7607,Aluminium Foil,2024,537548592.0,0.43
15,Metals,7608,Aluminium Pipes,2024,44850432.0,0.01
15,Metals,7609,Aluminium Pipe Fittings,2024,4880144.0,0.51
15,Metals,7610,Aluminium Structures,2024,309474531.0,0.16
15,Metals,7611,Large Aluminium Containers,2024,681732.0,
15,Metals,7612,Aluminium Cans,2024,5870654.0,-0.31
15,Metals,7613,Aluminium Gas Containers,2024,1701774.0,0.97
15,Metals,7614,Stranded Aluminium Wire,2024,1097105.0,-0.87
15,Metals,7615,Aluminium Housewares,2024,11747029.0,-1.01
15,Metals,7616,Other Aluminium Products,2024,332018353.0,0.58
15,Metals,7801,Raw Lead,2024,280584.0,-1.61
15,Metals,7804,Lead Sheets,2024,515284.0,
15,Metals,7806,Other Lead Products,2024,114939.0,
15,Metals,7901,Raw Zinc,2024,154590.0,-0.50
15,Metals,7903,Zinc Powder,2024,1100091.0,
15,Metals,7904,Zinc Bars,2024,564882.0,
15,Metals,7905,Zinc Sheets,2024,346404.0,-0.01
15,Metals,7907,Other Zinc Products,2024,5052156.0,0.23
15,Metals,8001,Raw Tin,2024,7637296.0,-1.14
15,Metals,8002,Scrap Tin,2024,2.0,
15,Metals,8003,Tin Bars,2024,2442374.0,0.19
15,Metals,8007,Other Tin Products,2024,1476853.0,
15,Metals,8101,Tungsten,2024,17262788.0,1.61
15,Metals,8102,Molybdenum,2024,29552498.0,
15,Metals,8103,Tantalum,2024,1758057.0,
15,Metals,8104,Magnesium,2024,105411713.0,0.97
15,Metals,8105,Cobalt,2024,19700865.0,-1.12
15,Metals,8106,Bismuth,2024,4690256.0,
15,Metals,8107,Cadmium,2024,1521473.0,
15,Metals,8108,Titanium,2024,44224883.0,0.57
15,Metals,8109,Zirconium,2024,752441.0,
15,Metals,8110,Antimony,2024,616578.0,-1.62
15,Metals,8111,Manganese,2024,99850987.0,-0.89
15,Metals,8112,Other Metals,2024,19159932.0,0.41
15,Metals,8113,Cermets,2024,1284106.0,1.32
15,Metals,8201,Garden Tools,2024,11530246.0,0.01
15,Metals,8202,Hand Saws,2024,179394393.0,1.06
15,Metals,8203,Hand Tools,2024,12971834.0,0.91
15,Metals,8204,Wrenches,2024,22449194.0,1.26
15,Metals,8205,Other Hand Tools,2024,39194005.0,0.43
15,Metals,8206,Tool Sets,2024,4498800.0,0.35
15,Metals,8207,Interchangeable Tool Parts,2024,233459855.0,1.03
15,Metals,8208,Cutting Blades,2024,21777642.0,1.11
15,Metals,8209,Tool Plates,2024,83239390.0,1.22
15,Metals,8210,Cooking Hand Tools,2024,996664.0,0.33
15,Metals,8211,Knives,2024,11168890.0,0.89
15,Metals,8212,Razor Blades,2024,10965055.0,-0.37
15,Metals,8213,Scissors,2024,15113485.0,0.41
15,Metals,8214,Other Cutlery,2024,14848190.0,-0.08
15,Metals,8215,Cutlery Sets,2024,12735707.0,-0.38
15,Metals,8301,Padlocks,2024,87980007.0,0.83
15,Metals,8302,Metal Mountings,2024,377816012.0,0.76
15,Metals,8303,Safes,2024,12165701.0,0.29
15,Metals,8304,Filing Cabinets,2024,1819865.0,
15,Metals,8305,Metal Office Supplies,2024,6386379.0,0.26
15,Metals,8306,Bells and Other Metal Ornaments,2024,27716251.0,-0.12
15,Metals,8307,Flexible Metal Tubing,2024,29184536.0,0.42
15,Metals,8308,Other Metal Fasteners,2024,107587266.0,0.60
15,Metals,8309,Metal Stoppers,2024,18639277.0,-0.63
15,Metals,8310,Metal Signs,2024,3715049.0,0.20
15,Metals,8311,Coated Metal Soldering Products,2024,22013185.0,0.42
16,Machines,8402,Steam Boilers,2024,60051374.0,0.24
16,Machines,8403,Central Heating Boilers,2024,835560.0,0.42
16,Machines,8404,Boiler Plants,2024,15402671.0,0.75
16,Machines,8405,Water and Gas Generators,2024,9352473.0,-0.15
16,Machines,8406,Steam Turbines,2024,33374934.0,0.92
16,Machines,8407,Spark-Ignition Engines,2024,51294058.0,0.33
16,Machines,8408,Combustion Engines,2024,109827036.0,1.19
16,Machines,8409,Engine Parts,2024,188576705.0,0.47
16,Machines,8410,Hydraulic Turbines,2024,2458323.0,0.16
16,Machines,8411,Gas Turbines,2024,28046767.0,0.55
16,Machines,8412,Other Engines,2024,168961331.0,0.87
16,Machines,8413,Liquid Pumps,2024,327842132.0,0.73
16,Machines,8414,Air Pumps,2024,1401099772.0,0.70
16,Machines,8415,Air Conditioners,2024,209237602.0,0.42
16,Machines,8416,Liquid Fuel Furnaces,2024,11654965.0,0.65
16,Machines,8417,Industrial Furnaces,2024,297236512.0,0.67
16,Machines,8418,Refrigerators,2024,309639840.0,0.14
16,Machines,8419,Other Heating Machinery,2024,430281458.0,0.76
16,Machines,8420,Rolling Machines,2024,24914446.0,1.83
16,Machines,8421,Centrifuges,2024,390345683.0,0.85
16,Machines,8422,Washing and Bottling Machines,2024,188374691.0,0.85
16,Machines,8423,Scales,2024,57225675.0,0.44
16,Machines,8424,Liquid Dispersing Machines,2024,297392790.0,0.59
16,Machines,8425,Pulley Systems,2024,49429082.0,0.63
16,Machines,8426,Cranes,2024,708946442.0,0.49
16,Machines,8427,Fork-Lifts,2024,167612557.0,0.86
16,Machines,8428,Lifting Machinery,2024,538700931.0,0.81
16,Machines,8429,Large Construction Vehicles,2024,195695818.0,-0.66
16,Machines,8430,Other Construction Vehicles,2024,151520903.0,-0.04
16,Machines,8431,Excavation Machinery,2024,917802391.0,0.57
16,Machines,8432,Soil Preparation Machinery,2024,90344880.0,0.54
16,Machines,8433,Harvesting Machinery,2024,190165160.0,0.84
16,Machines,8434,Dairy Machinery,2024,929249.0,0.39
16,Machines,8435,Fruit Pressing Machinery,2024,2051559.0,
16,Machines,8436,Other Agricultural Machinery,2024,43949680.0,0.63
16,Machines,8437,Mill Machinery,2024,122361700.0,0.04
16,Machines,8438,Industrial Food Preperation Machinery,2024,72756154.0,0.21
16,Machines,8439,Papermaking Machines,2024,79129057.0,1.24
16,Machines,8440,Book-binding Machines,2024,4198164.0,0.52
16,Machines,8441,Other Paper Machinery,2024,205656584.0,1.03
16,Machines,8442,Print Production Machinery,2024,47561418.0,0.51
16,Machines,8443,Industrial Printers,2024,672480542.0,0.74
16,Machines,8444,Artificial Textile Machinery,2024,47050681.0,1.69
16,Machines,8445,Textile Fiber Machinery,2024,106611385.0,1.10
16,Machines,8446,Looms,2024,326515185.0,1.09
16,Machines,8447,Knitting Machines,2024,420045979.0,0.84
16,Machines,8448,Knitting Machine Accessories,2024,136828638.0,0.87
16,Machines,8449,Felt Machinery,2024,33114138.0,1.09
16,Machines,8450,Household Washing Machines,2024,120832788.0,0.16
16,Machines,8451,Textile Processing Machines,2024,99312640.0,0.46
16,Machines,8452,Sewing Machines,2024,208175757.0,0.29
16,Machines,8453,Leather Machinery,2024,46093616.0,
16,Machines,8454,Casting Machines,2024,136090072.0,0.95
16,Machines,8455,Metal-Rolling Mills,2024,401081365.0,0.66
16,Machines,8456,Non-Mechanical Removal Machinery,2024,91457751.0,1.58
16,Machines,8457,Metalworking Transfer Machines,2024,68137457.0,1.55
16,Machines,8458,Metal Lathes,2024,42863694.0,1.52
16,Machines,8459,Drilling Machines,2024,35896867.0,1.48
16,Machines,8460,Metal Finishing Machines,2024,42532783.0,1.58
16,Machines,8461,Metalworking Machines,2024,32237704.0,1.39
16,Machines,8462,Forging Machines,2024,324624248.0,1.00
16,Machines,8463,Other Non-Metal Removal Machinery,2024,74325004.0,1.14
16,Machines,8464,Stone Working Machines,2024,94105446.0,0.63
16,Machines,8465,Woodworking machines,2024,107465715.0,0.98
16,Machines,8466,Metalworking Machine Parts,2024,187305307.0,1.21
16,Machines,8467,Motor-working Tools,2024,412061535.0,1.11
16,Machines,8468,Soldering and Welding Machinery,2024,20806803.0,
16,Machines,8470,Calculators,2024,94523292.0,0.52
16,Machines,8471,Computers,2024,6646397319.0,0.92
16,Machines,8472,Other Office Machines,2024,27427039.0,0.62
16,Machines,8473,Office Machine Parts,2024,1501614539.0,0.64
16,Machines,8474,Stone Processing Machines,2024,284624308.0,-0.31
16,Machines,8475,Glass Working Machines,2024,42584376.0,1.25
16,Machines,8476,Vending Machines,2024,4975553.0,0.56
16,Machines,8477,Rubberworking Machinery,2024,669992188.0,1.29
16,Machines,8478,Tobacco Processing Machines,2024,327919.0,-0.09
16,Machines,8479,Machinery Having Individual Functions,2024,1476640982.0,0.81
16,Machines,8480,Metal Molds,2024,504182236.0,0.83
16,Machines,8481,Valves,2024,529367999.0,1.07
16,Machines,8482,Ball Bearings,2024,656609164.0,1.13
16,Machines,8483,Transmissions,2024,919552386.0,1.14
16,Machines,8484,Gaskets,2024,18457276.0,1.23
16,Machines,8486,"Machines and apparatus of a kind used solely or principally for the manufacture of semiconductor boules or wafers, semiconductor devices, electronic integrated circuits or flat panel displays",2024,785575421.0,2.01
16,Machines,8487,"Machinery parts, not containing electrical connectors, insulators, coils, contacts or other electrical features, not specified or included elsewhere in this Chapter.",2024,14125048.0,0.73
16,Machines,8501,Electric Motors,2024,756977618.0,0.61
16,Machines,8502,Electric Generating Sets,2024,38889911.0,-0.05
16,Machines,8503,Electric Motor Parts,2024,479858780.0,0.44
16,Machines,8504,Electrical Transformers,2024,2254504101.0,0.16
16,Machines,8505,Electromagnets,2024,254668376.0,0.97
16,Machines,8506,Batteries,2024,53815789.0,0.37
16,Machines,8507,Electric Batteries,2024,2681267989.0,0.56
16,Machines,8508,Vacuum Cleaners,2024,48485757.0,0.36
16,Machines,8509,Other Domestic Electric Housewares,2024,52809715.0,0.46
16,Machines,8510,Hair Trimmers,2024,96768813.0,0.75
16,Machines,8511,Electrical Ignitions,2024,62858013.0,0.63
16,Machines,8512,Electrical Lighting and Signalling Equipment,2024,152469610.0,0.57
16,Machines,8513,Portable Lighting,2024,108030599.0,-0.75
16,Machines,8514,Electric Furnaces,2024,77054446.0,0.80
16,Machines,8515,Electric Soldering Equipment,2024,173739790.0,1.00
16,Machines,8516,Electric Heaters,2024,372265845.0,0.38
16,Machines,8517,Telephones,2024,10422021754.0,0.36
16,Machines,8518,Microphones and Headphones,2024,1133551852.0,0.23
16,Machines,8519,Sound Recording Equipment,2024,13946322.0,0.35
16,Machines,8521,Video Recording Equipment,2024,36666136.0,0.64
16,Machines,8522,Audio and Video Recording Accessories,2024,50097630.0,0.92
16,Machines,8523,Blank Audio Media,2024,305718331.0,0.82
16,Machines,8525,Broadcasting Equipment,2024,707207873.0,0.62
16,Machines,8526,Navigation Equipment,2024,28409473.0,0.68
16,Machines,8527,Radio Receivers,2024,40306931.0,0.36
16,Machines,8528,Video Displays,2024,668260806.0,0.32
16,Machines,8529,Broadcasting Accessories,2024,3963081805.0,0.42
16,Machines,8530,Traffic Signals,2024,8527385.0,0.91
16,Machines,8531,Audio Alarms,2024,161297617.0,0.60
16,Machines,8532,Electrical Capacitors,2024,365790973.0,0.78
16,Machines,8533,Electrical Resistors,2024,198912641.0,0.78
16,Machines,8534,Printed Circuit Boards,2024,974105826.0,0.76
16,Machines,8535,High-voltage Protection Equipment,2024,111056511.0,0.62
16,Machines,8536,Low-voltage Protection Equipment,2024,1025016016.0,0.50
16,Machines,8537,Electrical Control Boards,2024,252666667.0,0.33
16,Machines,8538,Electrical Power Accessories,2024,335001133.0,0.49
16,Machines,8539,Electric Filament,2024,98100930.0,0.90
16,Machines,8540,Cathode Tubes,2024,6563684.0,1.04
16,Machines,8541,Semiconductor Devices,2024,4361153325.0,1.04
16,Machines,8542,Integrated Circuits,2024,10163239296.0,1.20
16,Machines,8543,Other Electrical Machinery,2024,309838168.0,0.61
16,Machines,8544,Insulated Wire,2024,587240288.0,-0.32
16,Machines,8545,Carbon-based Electronics,2024,84162734.0,0.73
16,Machines,8546,Electrical Insulators,2024,80021784.0,0.65
16,Machines,8547,Metal Insulating Fittings,2024,48585326.0,0.76
16,Machines,8548,Electrical Parts,2024,6512985.0,-0.82
17,Transportation,8601,Electric Locomotives,2024,4248970.0,0.91
17,Transportation,8602,Other Locomotives (N.E.S.),2024,515802.0,-0.61
17,Transportation,8603,Self-Propelled Rail Transport,2024,35952000.0,0.86
17,Transportation,8604,Railway Maintenance Vehicles,2024,39587105.0,0.07
17,Transportation,8605,Railway Passenger Cars,2024,18106364.0,0.42
17,Transportation,8606,Railway Freight Cars,2024,801998.0,-0.15
17,Transportation,8607,Locomotive Parts,2024,310153892.0,0.85
17,Transportation,8608,Railway Track Fixtures,2024,5011072.0,0.43
17,Transportation,8609,Railway Cargo Containers,2024,30414346.0,-1.13
17,Transportation,8701,Tractors,2024,750009.0,0.54
17,Transportation,8702,Buses,2024,26727.0,0.29
17,Transportation,8703,Cars,2024,102323985.0,0.75
17,Transportation,8704,Delivery Trucks,2024,22219017.0,0.10
17,Transportation,8705,Special purpose motor vehicles,2024,3730345.0,-0.09
17,Transportation,8706,Motor vehicle (8701 to 8705) chassis fitted with engine,2024,34553796.0,0.37
17,Transportation,8707,Vehicle Bodies (including cabs) for the motor vehicles (8701 to 8705),2024,40204076.0,0.55
17,Transportation,8708,Motor vehicles; parts and accessories (8701 to 8705),2024,1382177323.0,0.81
17,Transportation,8709,Work Trucks,2024,3045942.0,0.74
17,Transportation,8711,Motorcycles and cycles,2024,3162299.0,0.42
17,Transportation,8712,"Bicycles, delivery tricycles, other cycles",2024,2184886.0,-0.04
17,Transportation,8713,Wheelchairs,2024,13614526.0,0.78
17,Transportation,8714,Bi-Wheel Vehicle Parts,2024,381085113.0,0.74
17,Transportation,8715,Baby Carriages,2024,11795199.0,0.64
17,Transportation,8716,"Trailers and semi-trailers, not mechanically propelled vehicles",2024,38485586.0,0.21
17,Transportation,8801,Non-powered Aircraft,2024,104431.0,
17,Transportation,8802,"Planes, Helicopters, and/or Spacecraft",2024,1605421.0,-0.17
17,Transportation,8803,"Aircraft parts (gliders, balloons, and powered aircraft)",2024,12452711.0,0.25
17,Transportation,8804,Parachutes,2024,24849.0,
17,Transportation,8805,Aircraft Launch Gear,2024,159166.0,0.36
17,Transportation,8901,Passenger and Cargo Ships,2024,44818426.0,-0.58
17,Transportation,8902,Fishing Ships,2024,451.0,-1.32
17,Transportation,8903,Recreational Boats,2024,435190.0,0.11
17,Transportation,8904,Tug Boats,2024,662822.0,-1.44
17,Transportation,8905,Special Purpose Ships,2024,135157706.0,-1.67
17,Transportation,8906,Other Sea Vessels,2024,3801113.0,0.16
17,Transportation,8907,Other Floating Structures,2024,1180116.0,-0.73
17,Transportation,8908,Scrap Vessels,2024,42527691.0,-1.34
18,Instruments,9001,Optical Fibers and optical fibre bundles,2024,144188919.0,1.16
18,Instruments,9002,Mirrors and Lenses,2024,60589352.0,1.22
18,Instruments,9003,Eyewear Frames,2024,118881238.0,0.22
18,Instruments,9004,Eyewear,2024,91433807.0,0.88
18,Instruments,9005,Binoculars and Telescopes,2024,4311591.0,0.67
18,Instruments,9006,Cameras,2024,18665102.0,0.56
18,Instruments,9007,Video Cameras,2024,1817386.0,
18,Instruments,9008,Image Projectors,2024,623259.0,
18,Instruments,9010,Photo Lab Equipment,2024,4465073.0,
18,Instruments,9011,Microscopes,2024,13117159.0,0.96
18,Instruments,9012,Non-optical Microscopes,2024,1400273.0,1.55
18,Instruments,9013,LCDs,2024,80253544.0,0.98
18,Instruments,9014,Compasses,2024,1093650.0,1.04
18,Instruments,9015,Surveying Equipment,2024,29900850.0,0.59
18,Instruments,9016,Balances,2024,13649380.0,
18,Instruments,9017,Drafting Tools,2024,17130118.0,0.94
18,Instruments,9018,Medical Instruments,2024,547568019.0,0.83
18,Instruments,9019,Therapeutic Appliances,2024,96684352.0,0.45
18,Instruments,9020,Breathing Appliances,2024,2197728.0,0.44
18,Instruments,9021,Orthopedic Appliances,2024,64756901.0,0.71
18,Instruments,9022,X-Ray Equipment,2024,218021075.0,1.49
18,Instruments,9023,Instructional Models,2024,22094715.0,0.47
18,Instruments,9024,Tensile Testing Machines,2024,17208965.0,1.24
18,Instruments,9025,Hydrometers,2024,33126879.0,0.75
18,Instruments,9026,Gas and Liquid Flow Measuring Instruments,2024,187675633.0,1.22
18,Instruments,9027,Chemical Analysis Instruments,2024,244860348.0,1.47
18,Instruments,9028,Utility Meters,2024,18461736.0,0.28
18,Instruments,9029,Revolution Counters,2024,19447419.0,0.70
18,Instruments,9030,Oscilloscopes,2024,165314256.0,1.15
18,Instruments,9031,Other Measuring Instruments,2024,405607316.0,1.37
18,Instruments,9032,Thermostats,2024,208551368.0,0.81
18,Instruments,9033,Opto-Electric Instrument Parts,2024,53009935.0,0.88
18,Instruments,9101,Precious Metal Watches,2024,1100947.0,0.99
18,Instruments,9102,Base Metal Watches,2024,90084767.0,0.90
18,Instruments,9103,Clocks with Watch Movements,2024,156548.0,
18,Instruments,9104,Dashboard Clocks,2024,49502.0,
18,Instruments,9105,Other Clocks,2024,4398485.0,
18,Instruments,9106,Time Recording Instruments,2024,5749606.0,
18,Instruments,9107,Time Switches,2024,14505576.0,
18,Instruments,9108,Watch Movements,2024,7952653.0,
18,Instruments,9109,Clock Movements,2024,3523717.0,
18,Instruments,9110,Incomplete Movement Sets,2024,851062.0,
18,Instruments,9111,Watch Cases and Parts,2024,21535230.0,0.64
18,Instruments,9112,Clock Cases and Parts,2024,32265.0,
18,Instruments,9113,Watch Straps,2024,28210514.0,0.13
18,Instruments,9114,Other Clocks and Watches,2024,22226978.0,0.77
18,Instruments,9201,Pianos,2024,1323401.0,
18,Instruments,9202,String Instruments,2024,9962615.0,-0.02
18,Instruments,9205,Wind Instruments,2024,1368893.0,1.33
18,Instruments,9206,Percussion,2024,2950260.0,-0.49
18,Instruments,9207,Electric Musical Instruments,2024,16651516.0,0.51
18,Instruments,9208,Other Musical Instruments,2024,992665.0,
18,Instruments,9209,Musical Instrument Parts,2024,4587697.0,0.97
19,Weapons,9303,Other Firearms,2024,6247.0,0.39
19,Weapons,9304,"Spring, Air, and Gas Guns",2024,83037.0,0.43
19,Weapons,9305,Weapons Parts and Accessories,2024,6677.0,0.47
19,Weapons,9306,Explosive Ammunition,2024,218404.0,0.28
19,Weapons,9307,Bladed Weapons and Accessories,2024,7220.0,
20,Miscellaneous,9401,Seats,2024,202655132.0,-0.03
20,Miscellaneous,9402,Medical Furniture,2024,36994283.0,0.64
20,Miscellaneous,9403,Other Furniture,2024,271969239.0,-0.07
20,Miscellaneous,9404,Mattresses,2024,16884295.0,-0.76
20,Miscellaneous,9405,Light Fixtures,2024,703464933.0,0.16
20,Miscellaneous,9406,Prefabricated Buildings,2024,22851662.0,-0.11
20,Miscellaneous,9503,Other toys,2024,71492926.0,-0.31
20,Miscellaneous,9504,Video and Card Games,2024,85661021.0,0.60
20,Miscellaneous,9505,Party Decorations,2024,22686509.0,-1.80
20,Miscellaneous,9506,Sports Equipment,2024,210116007.0,0.37
20,Miscellaneous,9507,Fishing and Hunting Equipment,2024,4246314.0,-0.00
20,Miscellaneous,9508,Fairground Amusements,2024,2851849.0,0.83
20,Miscellaneous,9601,Worked Ivory and Bone,2024,204969.0,
20,Miscellaneous,9602,Vegetable and Mineral Carvings,2024,2252103.0,-0.55
20,Miscellaneous,9603,Brooms,2024,71805570.0,0.03
20,Miscellaneous,9604,Hand Sifters,2024,12357.0,
20,Miscellaneous,9605,Travel Kits,2024,1952167.0,
20,Miscellaneous,9606,Buttons,2024,42644551.0,0.24
20,Miscellaneous,9607,Zippers,2024,48512454.0,-0.19
20,Miscellaneous,9608,Pens,2024,61972118.0,0.48
20,Miscellaneous,9609,Pencils and Crayons,2024,16182786.0,-0.58
20,Miscellaneous,9610,Chalkboards,2024,13595829.0,0.27
20,Miscellaneous,9611,Rubber Stamps,2024,627971.0,
20,Miscellaneous,9612,Ink Ribbons,2024,14987633.0,1.12
20,Miscellaneous,9613,Lighters,2024,16338708.0,0.46
20,Miscellaneous,9614,Smoking Pipes,2024,980358.0,
20,Miscellaneous,9615,Combs,2024,94663934.0,-1.04
20,Miscellaneous,9616,Scent Sprays,2024,32403443.0,0.22
20,Miscellaneous,9617,Vacuum Flask,2024,69621937.0,0.32
20,Miscellaneous,9618,Mannequins,2024,2884556.0,-0.34
20,Miscellaneous,9619,Sanitary towels (pads),2024,53548139.0,-0.61
20,Miscellaneous,9620,"Monopods, bipods, tripods and similar articles",2024,23337276.0,0.45
21,Arts and Antiques,9701,Paintings,2024,3321860.0,-0.31
21,Arts and Antiques,9702,Prints,2024,279778.0,0.55
21,Arts and Antiques,9703,Sculptures,2024,1253922.0,-0.31